Año,Mes,Día
2024,enero,1
2024,enero,2
2024,enero,3
2024,enero,4
2024,enero,5
2024,enero,6
2024,enero,7
2024,enero,8
2024,enero,9
2024,enero,10
2024,enero,11
2024,enero,12
2024,enero,13
2024,enero,14
2024,enero,15
2024,enero,16
2024,enero,17
2024,enero,18
2024,enero,19
2024,enero,20
2024,enero,21
2024,enero,22
2024,enero,23
2024,enero,24
2024,enero,25
2024,enero,26
2024,enero,27
2024,enero,28
2024,enero,29
2024,enero,30
2024,enero,31
2024,febrero,1
2024,febrero,2
2024,febrero,3
2024,febrero,4
2024,febrero,5
2024,febrero,6
2024,febrero,7
2024,febrero,8
2024,febrero,9
2024,febrero,10
2024,febrero,11
2024,febrero,12
2024,febrero,13
2024,febrero,14
2024,febrero,15
2024,febrero,16
2024,febrero,17
2024,febrero,18
2024,febrero,19
2024,febrero,20
2024,febrero,21
2024,febrero,22
2024,febrero,23
2024,febrero,24
2024,febrero,25
2024,febrero,26
2024,febrero,27
2024,febrero,28
2024,febrero,29
2024,marzo,1
2024,marzo,2
2024,marzo,3
2024,marzo,4
2024,marzo,5
2024,marzo,6
2024,marzo,7
2024,marzo,8
2024,marzo,9
2024,marzo,10
2024,marzo,11
2024,marzo,12
2024,marzo,13
2024,marzo,14
2024,marzo,15
2024,marzo,16
2024,marzo,17
2024,marzo,18
2024,marzo,19
2024,marzo,20
2024,marzo,21
2024,marzo,22
2024,marzo,23
2024,marzo,24
2024,marzo,25
2024,marzo,26
2024,marzo,27
2024,marzo,28
2024,marzo,29
2024,marzo,30
2024,marzo,31
2024,abril,1
2024,abril,2
2024,abril,3
2024,abril,4
2024,abril,5
2024,abril,6
2024,abril,7
2024,abril,8
2024,abril,9
2024,abril,10
2024,abril,11
2024,abril,12
2024,abril,13
2024,abril,14
2024,abril,15
2024,abril,16
2024,abril,17
2024,abril,18
2024,abril,19
2024,abril,20
2024,abril,21
2024,abril,22
2024,abril,23
2024,abril,24
2024,abril,25
2024,abril,26
2024,abril,27
2024,abril,28
2024,abril,29
2024,abril,30
2024,mayo,1
2024,mayo,2
2024,mayo,3
2024,mayo,4
2024,mayo,5
2024,mayo,6
2024,mayo,7
2024,mayo,8
2024,mayo,9
2024,mayo,10
2024,mayo,11
2024,mayo,12
2024,mayo,13
2024,mayo,14
2024,mayo,15
2024,mayo,16
2024,mayo,17
2024,mayo,18
2024,mayo,19
2024,mayo,20
2024,mayo,21
2024,mayo,22
2024,mayo,23
2024,mayo,24
2024,mayo,25
2024,mayo,26
2024,mayo,27
2024,mayo,28
2024,mayo,29
2024,mayo,30
2024,mayo,31
2024,junio,1
2024,junio,2
2024,junio,3
2024,junio,4
2024,junio,5
2024,junio,6
2024,junio,7
2024,junio,8
2024,junio,9
2024,junio,10
2024,junio,11
2024,junio,12
2024,junio,13
2024,junio,14
2024,junio,15
2024,junio,16
2024,junio,17
2024,junio,18
2024,junio,19
2024,junio,20
2024,junio,21
2024,junio,22
2024,junio,23
2024,junio,24
2024,junio,25
2024,junio,26
2024,junio,27
2024,junio,28
2024,junio,29
2024,junio,30
2024,julio,1
2024,julio,2
2024,julio,3
2024,julio,4
2024,julio,5
2024,julio,6
2024,julio,7
2024,julio,8
2024,julio,9
2024,julio,10
2024,julio,11
2024,julio,12
2024,julio,13
2024,julio,14
2024,julio,15
2024,julio,16
2024,julio,17
2024,julio,18
2024,julio,19
2024,julio,20
2024,julio,21
2024,julio,22
2024,julio,23
2024,julio,24
2024,julio,25
2024,julio,26
2024,julio,27
2024,julio,28
2024,julio,29
2024,julio,30
2024,julio,31
2024,agosto,1
2024,agosto,2
2024,agosto,3
2024,agosto,4
2024,agosto,5
2024,agosto,6
2024,agosto,7
2024,agosto,8
2024,agosto,9
2024,agosto,10
2024,agosto,11
2024,agosto,12
2024,agosto,13
2024,agosto,14
2024,agosto,15
2024,agosto,16
2024,agosto,17
2024,agosto,18
2024,agosto,19
2024,agosto,20
2024,agosto,21
2024,agosto,22
2024,agosto,23
2024,agosto,24
2024,agosto,25
2024,agosto,26
2024,agosto,27
2024,agosto,28
2024,agosto,29
2024,agosto,30
2024,agosto,31
2024,septiembre,1
2024,septiembre,2
2024,septiembre,3
2024,septiembre,4
2024,septiembre,5
2024,septiembre,6
2024,septiembre,7
2024,septiembre,8
2024,septiembre,9
2024,septiembre,10
2024,septiembre,11
2024,septiembre,12
2024,septiembre,13
2024,septiembre,14
2024,septiembre,15
2024,septiembre,16
2024,septiembre,17
2024,septiembre,18
2024,septiembre,19
2024,septiembre,20
2024,septiembre,21
2024,septiembre,22
2024,septiembre,23
2024,septiembre,24
2024,septiembre,25
2024,septiembre,26
2024,septiembre,27
2024,septiembre,28
2024,septiembre,29
2024,septiembre,30
2024,octubre,1
2024,octubre,2
2024,octubre,3
2024,octubre,4
2024,octubre,5
2024,octubre,6
2024,octubre,7
2024,octubre,8
2024,octubre,9
2024,octubre,10
2024,octubre,11
2024,octubre,12
2024,octubre,13
2024,octubre,14
2024,octubre,15
2024,octubre,16
2024,octubre,17
2024,octubre,18
2024,octubre,19
2024,octubre,20
2024,octubre,21
2024,octubre,22
2024,octubre,23
2024,octubre,24
2024,octubre,25
2024,octubre,26
2024,octubre,27
2024,octubre,28
2024,octubre,29
2024,octubre,30
2024,octubre,31
2024,noviembre,1
2024,noviembre,2
2024,noviembre,3
2024,noviembre,4
2024,noviembre,5
2024,noviembre,6
2024,noviembre,7
2024,noviembre,8
2024,noviembre,9
2024,noviembre,10
2024,noviembre,11
2024,noviembre,12
2024,noviembre,13
2024,noviembre,14
2024,noviembre,15
2024,noviembre,16
2024,noviembre,17
2024,noviembre,18
2024,noviembre,19
2024,noviembre,20
2024,noviembre,21
2024,noviembre,22
2024,noviembre,23
2024,noviembre,24
2024,noviembre,25
2024,noviembre,26
2024,noviembre,27
2024,noviembre,28
2024,noviembre,29
2024,noviembre,30
2024,diciembre,1
2024,diciembre,2
2024,diciembre,3
2024,diciembre,4
2024,diciembre,5
2024,diciembre,6
2024,diciembre,7
2024,diciembre,8
2024,diciembre,9
2024,diciembre,10
2024,diciembre,11
2024,diciembre,12
2024,diciembre,13
2024,diciembre,14
2024,diciembre,15
2024,diciembre,16
2024,diciembre,17
2024,diciembre,18
2024,diciembre,19
2024,diciembre,20
2024,diciembre,21
2024,diciembre,22
2024,diciembre,23
2024,diciembre,24
2024,diciembre,25
2024,diciembre,26
2024,diciembre,27
2024,diciembre,28
2024,diciembre,29
2024,diciembre,30
2024,diciembre,31
